COHORT_MONTH,AVG_LTV_EUR
2019-06,22.711687116564416
2019-07,16.634392963234443
2019-08,14.725042404129795
2019-09,10.261374224447588
2019-10,8.356938083121289
