n_rides,riders,pct
1,81923,100.0
2,44046,53.765120906216815
3,26487,32.3315796540654
4,17251,21.05757845782015
5,11904,14.530717869218657
10,2827,3.4508013622548
20,468,0.5712681420358141
